0001TarafaIbnCabd.Diwan.JK007518-ara2,regex_error
0041LabidIbnRabica.Diwan.JK007538-ara2,regex_error
0094ZaynCabidin.SahifaSajjadiya.Shia001111-ara2.completed,regex_error
0104MujahidIbnJabr.Tafsir.Shamela0012810-ara2,regex_error
0110IbnSirin.MuntakhabKalamFiTafsirAhlam.JK006856-ara2,regex_error
0124IbnShihabZuhri.TanzilQuran.JK000872-ara2,regex_error
0132HammamIbnMunabbih.Sahifa.Shia001878-ara2,regex_error
0150MuqatilIbnSulayman.TafsirMuqatil.Shamela0023614-ara2,regex_error
0151IbnIshaq.Sira.Shamela0009862-ara2.completed,regex_error
0230IbnSacd.TabaqatKubra.JK000530-ara2,regex_error
0230IbnSacd.TabaqatKubra.JK000744-ara5,regex_error
0230IbnSacd.TabaqatKubra.Shamela0001689-ara4,regex_error
0230IbnSacd.TabaqatKubra.Shamela0007666-ara5,regex_error
0230IbnSacd.TabaqatKubra.Shamela0009351-ara2,regex_error
0230IbnSacd.TabaqatKubra.Shamela0009352-ara5,regex_error
0230IbnSacd.TabaqatKubra.Shamela0012416-ara3,regex_error
0230IbnSacd.TabaqatKubra.Shia003044Vols-ara2,regex_error
0240KhalifaIbnKhayyat.Tabaqat.JK000516-ara2,regex_error
0240KhalifaIbnKhayyat.Tarikh.Shia003055-ara2,regex_error
0241IbnHanbal.JamicFiCilal.Shamela0010272-ara2,regex_error
0241IbnHanbal.Musnad.JK000145-ara2,regex_error
0241IbnHanbal.Musnad.Shamela0098139-ara3,regex_error
0241IbnHanbal.Musnad.Shia001707Vols-ara2,regex_error
0241IbnHanbal.Warac.JK000307-ara2,regex_error
0241IbnHanbal.Zuhd.JK000084-ara2,regex_error
0244IbnSikkit.IslahMantiq.JK001170-ara2,regex_error
0249CabdIbnHamid.MuntakhabMinMusnad.Shamela0010631-ara2,regex_error
0275AbuDawudSijistani.Sualat.ShamAY0034622-ara2,regex_error
0303Nasai.DucafaWaMatrukin.Shamela0010805-ara2,regex_error
0303Nasai.Jumca.JK010206-ara2,regex_error
0303Nasai.KhasaisAmirMumininCali.Shia001970-ara2,regex_error
0303Nasai.TasmiyaFuqaha.PV0001-ara2.completed,regex_error
0303Nasai.TasmiyaManLamYarwi.JK000510-ara2,regex_error
0303Nasai.TasmiyaManLamYarwi.JK000697-ara3,regex_error
0303Nasai.TasmiyaManLamYarwi.Shamela0005839-ara2.completed,regex_error
0303Nasai.TasmiyaManLamYarwi.Shamela0006004-ara3,regex_error
0303Nasai.TasmiyaManLamYarwi.Shia001971-ara3,regex_error
0346Istakhri.MasalikWaMamalik.Shamela0010791-ara2,regex_error
0360AbuBakrAjurri.FadlQiyamLayl.ShamAY0001300-ara2,regex_error
0360Tabarani.MakarimAkhlaq.ShamAY0038139-ara3,regex_error
0360Tabarani.MucjamKabir.ShamAY0033908-ara2,regex_error
0360Tabarani.MucjamKabir.ShamAY0033986-ara3,regex_error
0365IbnCadiJurjani.KamilFiDucafa.JK000519-ara2,regex_error
0365IbnCadiJurjani.KamilFiDucafa.JK001069-ara3,regex_error
0365IbnCadiJurjani.KamilFiDucafa.Shamela0005827-ara3.completed,regex_error
0365IbnCadiJurjani.KamilFiDucafa.Shia003105Vols-ara2,regex_error
0369AbuShaykhIsbahani.AkhlaqNabi.ShamAY0034449-ara2,regex_error
0374IbnHusaynAzdi.AsmaManYucrafBiKunya.ShamAY0034619-ara2,regex_error
0375AbuHafsZayyat.Juz.ShamAY0032808-ara2,regex_error
0380AbuBakrKalabadhi.BahrFawaid.ShamAY0038055-ara3,regex_error
0380AbuBakrKalabadhi.BahrFawaid.ShamAY0038096-ara2,regex_error
0382IbnCabdAllahCaskari.AkhbarMusahhifin.ShamAY0034669-ara2,regex_error
0384AbuHasanRummani.MacaniHuruf.Shamela0005353-ara2.completed,regex_error
0385Daruqutni.Afrad.ShamAY0033996-ara2,regex_error
0385Daruqutni.Afrad.ShamAY0038051-ara2,regex_error
0385Daruqutni.CilalWarida.ShamAY0034171-ara3,regex_error
0385Daruqutni.CilalWarida.ShamAY0034177-ara2,regex_error
0385Daruqutni.CilalWarida.ShamAY0035209-ara4,regex_error
0385Daruqutni.Ducafa.ShamAY0034651-ara2,regex_error
0385Daruqutni.MinHadithDhuhali.Shamela0030375-ara2.mARkdown,regex_error
0385Daruqutni.SualatBarqani.Shamela0001060-ara2.mARkdown,regex_error
0385Daruqutni.SualatBarqani.Shia002080-ara2,regex_error
0385IbnShahin.DhikrManIkhtalafaCulama.ShamAY0034153-ara2,regex_error
0385IbnShahin.TarghibFiFadailAcmal.ShamAY0034002-ara2,regex_error
0385IbnShahin.TarikhAsmaDucafa.ShamAY0034152-ara2,regex_error
0385IbnShahin.TarikhAsmaThiqat.ShamAY0034151-ara2,regex_error
0385SahibIbnCabbadTalqani.AmthalSaira.ShamAY0034477-ara2,regex_error
0387IbnBattaCukbari.IbanaCanSharica.ShamAY0033871-ara2,regex_error
0387IbnBattaCukbari.IbanaCanSharica.ShamAY0035405-ara3,regex_error
0388IbnMuhammadBusti.GharibHadith.ShamAY0032379-ara2,regex_error
0405HakimNaysaburi.Mustadrak.ShamAY0033941-ara3,regex_error
0405HakimNaysaburi.Mustadrak.ShamAY0033945-ara4,regex_error
0414AbuHayyanTawhidi.AkhlaqWazirayn.JK009310-ara2,regex_error
0436SharifMurtada.Amali.ShamAY0034519-ara2,regex_error
0444AbuCamrDani.TaysirFiQiraatSabc.Sham19Y0147812-ara2,regex_error
0445AbuCabdAllahCalawi.JamicKafi.Zaydiyya0000055-ara2,regex_error
0450AbuHasanMawardi.AdabDunyaWaDin.ShamAY0033725-ara2,regex_error
0463KhatibBaghdadi.TarikhBaghdad.Sham30K0036293-ara2,regex_error
0463KhatibBaghdadi.TarikhBaghdad.Shamela0000736-ara2.mARkdown,regex_error
0566MutawakkilAhmad.UsulAhkam.Zaydiyya0000010-ara2,regex_error
0614MansurCabdAllah.Majmuc.Zaydiyya0000147-ara2,regex_error
0749MuayyadYahya.Intisar.Zaydiyya0000391Vols-ara2,regex_error
0749MuayyadYahya.Intisar.Zaydiyya0000393Vols-ara3,regex_error
0774IbnKathir.Bidaya.JK000158-ara3,regex_error
0774IbnKathir.Bidaya.JK010930-ara6,regex_error
0774IbnKathir.Bidaya.Sham30K0008376-ara2,regex_error
0774IbnKathir.Bidaya.Sham30K0023708-ara4,regex_error
0774IbnKathir.Bidaya.Sham30K0032354-ara3,regex_error
0774IbnKathir.Bidaya.Sham30K0036126-ara2,regex_error
0774IbnKathir.Bidaya.Sham30K0045182-ara3,regex_error
0774IbnKathir.Bidaya.Shamela0000930-ara6,regex_error
0774IbnKathir.Bidaya.Shamela0008376-ara2,regex_error
0774IbnKathir.Bidaya.Shamela0023678-ara5,regex_error
0774IbnKathir.Bidaya.Shamela0023708-ara4,regex_error
0774IbnKathir.Bidaya.Shia003593Vols-ara2,regex_error
0774IbnKathir.Bidaya.Shia003717Vols-ara6,regex_error
1062CabdAllahSharafi.MasabihSatica.Zaydiyya0000020-ara2,regex_error
1450MuallifMajhul.AnwarYaqin.Zaydiyya0000288-ara2,regex_error
